Clean_Signal,Noisy_Signal,Class
-0.0505484625268847,0.120107723587492,0
-0.0224224419269663,-0.00767339221163277,0
0.430269113463417,1.16384464540307,1
0.101930171211201,0.100857450357568,0
1.4629211944098,2.9113766528207,1
0.0450519649053515,0.629904380072174,1
0.175263861848136,2.869955179808,1
0.0771144596780409,-2.4703791328868,1
0.0736908480424482,-0.0135642711221142,0
0.114674440922442,1.70639598199636,1
-0.0913593000001079,-0.112355445992388,0
-0.172902822353671,-3.65261807419744,1
-0.0622827021996814,0.0989668199113253,0
-0.0159905446138252,-0.15820287606269,0
-0.40503716807084,-0.397726714422467,0
-0.0224224419269663,-0.0683796981123726,0
2.38780479421035,1.39506995244809,1
-0.183282716169668,-0.262009734011708,0
0.0219085784854942,-0.0365886784545753,0
2.37374879433387,4.55926039217297,1
0.147868193298757,1.60134823979397,1
0.0456332990175976,-0.0118407303025053,0
0.0703651384942035,0.113789074350971,0
0.355641009054089,0.20934007643216,1
0.290828190239286,0.75055217765109,1
-0.166352864937193,1.95058050706748,1
2.41126106700846,5.00280992971168,1
0.476768875333294,-0.122466378255759,1
0.248161540426084,1.15658212052982,1
-0.120424388359052,-1.13818706667591,1
0.0391887219710793,2.61699191387834,1
2.45380884656439,1.58864919597728,1
1.37629025402442,-0.422382016135274,1
0.174856163699583,1.37812311993197,1
-0.183282716169668,-0.165515278421839,0
-0.147753595306474,-1.1530657895277,1
-0.0300694088604869,-0.00767339221163277,0
0.146446713180318,-1.0117060792447,1
2.43941311717962,1.69888939355089,1
0.0852309893206503,0.123088803311641,0
0.698494637269558,1.86929951489054,1
-0.0365886784545753,-0.0508541059872252,0
-0.0970502285336047,-0.176317259588422,0
0.123438484205293,1.43014348124961,1
0.0565725493664447,0.0527609087193212,0
0.374702201561769,0.931873252256335,1
-0.130142463639009,1.38550715596822,1
-0.275750507467692,-0.165515278421839,0
-0.059855418060403,-0.0563030750465808,0
-0.0232231533377587,-0.0451966597096425,0
0.0675513204041403,0.127874179308221,0
2.49685781920094,3.19126537267302,1
0.015913216690651,0.167989079834421,0
-0.231919533515541,-0.40503716807084,0
-0.138264539689645,-0.187915679892869,0
-0.04962771958318,-1.39187048557266,1
-0.153792288279072,-0.176317259588422,0
0.50288100777019,2.26819006601362,1
0.0714756086104658,-1.12713981611453,1
0.204110905595125,0.947919621972001,1
-0.0300694088604869,-0.0274748247583666,0
0.224434182050082,0.102538108537428,1
0.0835212368708465,-1.37809321960141,1
2.26161126418786,2.47025343152149,1
-0.0980538914394958,-0.0563030750465808,0
0.318481576667991,-2.42247717482342,1
-0.0365886784545753,0.0487148896408128,0
2.33541696097529,0.91056858521659,1
2.53775942828046,1.45537230878899,1
-0.0815756276965248,-0.0020292598060723,0
0.217841036075039,1.00018977414337,1
-0.0020292598060723,-0.0362192989384949,0
-0.136228468605535,-0.382188003669881,0
-0.012312740928292,0.0318457828934623,0
2.52157016269013,3.42884366201026,1
0.169542005352018,0.252134152510628,1
-0.0403135453469754,-0.138264539689645,0
2.51629824101763,1.49097585661928,1
2.01689019227418,1.98184027195533,1
0.382067866405426,0.145776811683202,1
0.755131916260752,0.324064194903913,1
-0.0964289797325833,-0.429984883622128,1
0.167989079834421,0.123088803311641,0
-0.136228468605535,-0.31209524815319,0
1.88702767306788,0.304131832844961,1
0.211565769323353,0.674198754526563,1
-0.0244164138737239,-0.169464851942631,0
0.0955455122985228,1.68790531117784,1
0.311417290690978,1.1862788041506,1
0.178004563492078,-3.05490780186953,1
-0.00340250504133801,-0.102023774960332,0
-0.0135642711221142,0.000459911641232874,0
-0.0177048930657199,0.012472102087625,0
0.37241886655185,1.95797916408833,1
0.182410019157793,-2.59117710885703,1
1.97205250857799,2.09518084905072,1
0.149611043439724,-0.396467857477399,1
1.4274453479743,1.74449763905676,1
1.50078523475926,0.798624253966692,1
-0.0292953440632684,-0.0622654959827554,0
0.0111018874406854,0.0456332990175976,0
0.0267063667352834,-1.34421586845682,1
-0.0274748247583666,-0.0820214620628628,0
-0.186999918869708,-0.3130162432022,0
-0.0341953547637541,-0.0851590453870264,0
0.00842507001149669,-0.400443370899041,1
0.466879566963871,1.73050065647045,1
1.47855300081915,3.52349203976205,1
-0.100076741496838,-0.125337818922375,0
1.90224950741476,4.03642561587032,1
1.74869602618846,1.84012437992414,1
-0.0836436632904125,-0.186999918869708,0
-0.0882732380806292,-0.0836436632904125,0
-0.133485699586458,-0.0853905615921666,0
0.0203170036647341,0.134205201403009,0
-0.0215156696956106,-0.0274748247583666,0
-0.0177048930657199,-0.100430897394187,0
-0.0486153124694533,-0.0622654959827554,0
0.106201213705596,1.36112917481385,1
0.0328128530388825,-0.113675476184635,1
0.0769997400514085,-0.946926739587445,1
0.110347328733927,0.476593716249731,1
1.41838137421506,3.21268813329198,1
-0.0508541059872252,0.0482017282394481,0
1.44541231850068,0.129416117078127,1
-0.0235075450353458,-0.0642889226880028,0
2.34669542557483,1.84355480819351,1
0.0218416903822378,-0.0274748247583666,0
-0.049150284855175,-0.0101432204173492,0
0.223945380495154,3.10299065393102,1
2.1438542740282,0.489547323569579,1
-0.0851590453870264,-0.0980538914394958,0
0.0535771262489951,-2.22441068424398,1
2.12868857313295,1.05787542159375,1
2.38659400575209,1.33546578134007,1
-0.127942792823117,0.350958665739167,1
2.49893234540187,2.19893220841318,1
2.59687404339497,0.855150640529443,1
0.16094880419116,0.212775484751511,0
0.030854150622581,0.134401514807622,0
-0.0622654959827554,-0.0478107008607671,0
2.44657006392008,3.54809053826257,1
1.86462962148267,2.42397642119178,1
0.333276462883004,-1.31051525647976,1
-0.145607005434371,1.05106337601687,1
-0.0232231533377587,-0.0215156696956106,0
0.472923711313773,2.24103275099986,1
0.453983403773717,-1.84170199441916,1
0.0130370870799267,0.0482017282394481,0
-0.00625809226104632,0.147550986268255,0
0.00881402360268531,-0.0020292598060723,0
0.363435085652291,-0.591102324225816,1
2.53249980631942,3.07737650832069,1
-0.165515278421839,-0.150473231687983,0
-0.0341953547637541,-0.11657514027082,0
0.402886334043557,2.54328795315531,1
-0.1429856011244,-0.144001668453319,0
2.44193998679543,2.71464626389549,1
0.00875275338543986,-0.00767339221163277,0
1.44986118187551,2.59322205072028,1
-0.0588292180973553,-0.0482405610340899,0
0.389357850976598,1.7373936799277,1
1.47509009322863,3.18039935485429,1
0.412573557632512,2.44841902152073,1
0.162527516669178,-0.515108679731566,1
-0.0365886784545753,0.0482017282394481,0
-0.0159905446138252,-0.176317259588422,0
0.23623529017085,4.12268988352685,1
-0.0482405610340899,-0.141482578715643,0
-0.0879126355407804,-0.0393242342005104,0
-0.0953208339933022,-1.26846717488886,1
-0.0853905615921666,-0.176317259588422,0
-0.00767339221163277,-0.0683796981123726,0
-0.167044499260946,-1.09358886876404,1
0.0998871267445463,-0.895038242537358,1
0.0736908480424482,-0.0393242342005104,0
0.0203170036647341,0.137777286609522,0
0.091910144703825,-0.412818169165557,1
2.55961446631404,3.50071696525021,1
-0.0341953547637541,-0.0478107008607671,0
-0.0791265702547987,0.823917353642045,1
-0.15949063522364,-2.48571085922508,1
-0.0694366505608766,-0.112355445992388,0
0.415587207790236,0.729208497589977,1
0.157123652254889,1.72837484986744,1
0.0471154772109909,0.0267063667352834,0
-0.0177048930657199,-0.153966187524541,0
0.131457556049546,2.25650814427722,1
-0.0118511177415522,-0.0799454703736757,0
0.160189002482453,3.08544746891924,1
-0.0110443980835122,0.0527609087193212,0
0.0807835944131071,0.101930171211201,0
-0.0159598947958419,0.407094613365168,1
1.50181056917028,0.214964747450481,1
0.181195144849672,-3.04351326862123,1
-0.0235075450353458,-0.0429857764076748,0
-0.136228468605535,-0.355813180848424,0
0.123088803311641,0.212775484751511,0
0.00755162129829077,-0.1429856011244,0
1.44834888802992,2.81289600816669,1
0.127874179308221,0.0703651384942035,0
-0.102653594963011,-0.262009734011708,0
0.0770163642778355,1.5051835923194,1
1.31588864679188,0.424559192668341,1
1.75035379765095,3.83780930064425,1
0.0993012754217978,-1.44709943343541,1
0.315739307835506,-0.00291732890253987,1
0.0527609087193212,0.0548976618990162,0
2.26752128028234,1.82676628844317,1
0.0721676034741534,1.31488127160654,1
0.166849532081527,1.38531976303089,1
0.0334553992815826,0.100857450357568,0
-0.169464851942631,-0.0362192989384949,0
2.51419511778573,2.5615018105356,1
-0.0159905446138252,-0.132465506910217,0
-0.0836436632904125,-0.102653594963011,0
-0.0508541059872252,0.0527609087193212,0
-0.00340250504133801,-0.141482578715643,0
0.379628818825468,-0.963765903947072,1
0.00970943470932269,1.27257907303317,1
2.34081088972693,0.162775504202047,1
2.30365030322465,4.34357505198962,1
0.191165776359973,-1.28024385364536,1
0.00394980710682607,-0.0158358000548528,1
0.18957684234464,-1.43130844578663,1
-0.0187400593173075,-2.16216712724698,1
1.68068297934428,-0.672929591428086,1
-0.125891557322003,-0.0853905615921666,0
-0.0148039342759156,0.206421693399894,1
-0.0405732406181614,-0.0622827021996814,0
0.0482017282394481,0.0274641515507724,0
0.015913216690651,2.41156321687347,1
1.44671560320404,2.4487607752815,1
0.39088318765023,1.40277267935018,1
-0.169464851942631,-0.0725178322491876,0
0.0482017282394481,0.0527609087193212,0
0.100857450357568,0.136840333260936,0
-0.00364290261200439,3.63915618558641,1
-0.0296793770163795,-0.0622654959827554,0
-0.136228468605535,-0.439515523104477,0
-0.169464851942631,0.0997485049944079,0
1.59117975317017,2.24988361291751,1
2.28431690143313,2.79216362829643,1
2.10789479835697,0.163970742362852,1
1.48977716564175,0.564773807018275,1
-0.0110443980835122,0.0274641515507724,0
-0.0495139240882663,-0.0836436632904125,0
-0.0232231533377587,-0.0224224419269663,0
-0.0523276947803627,-0.0879126355407804,0
-0.0403135453469754,-0.187915679892869,0
-0.136228468605535,-0.295627253851052,0
-0.0159598947958419,0.0820970182918914,0
0.3359932433725,-1.09341619788872,1
0.0391772063010365,-1.3229832194265,1
-0.0403135453469754,0.106978636959327,0
0.0675513204041403,0.114224076609681,0
-0.0403135453469754,-0.281934943772696,1
0.106978636959327,-0.400885216349335,1
-0.295627253851052,-0.31209524815319,0
0.0130370870799267,-0.0365886784545753,0
1.74455583940707,2.14695779951348,1
0.0848246669156112,-0.98256721736838,1
2.56589216672372,3.28421796041222,1
2.49588299030078,0.295546263447022,1
2.54246660787947,3.59165538006606,1
0.231574290918608,-0.609569169742259,1
0.0025038032943207,-0.0482405610340899,0
-0.0403135453469754,0.0820970182918914,0
1.51959976445927,-1.23655806774076,1
-0.00767339221163277,-0.0274748247583666,0
0.0487148896408128,0.0239615749707717,0
-0.0218164393654175,0.0279017020467537,0
1.35842737301228,-0.233363159737847,1
0.209187121262637,2.56939307691993,1
-0.113713962853669,-1.34447938635465,1
0.0248484382727269,-0.133485699586458,0
-0.0343796043281032,4.45975810593136,1
0.0221874736452412,1.59670561504483,1
0.134186893941609,0.0480017790459169,1
2.40716568663865,2.63438103556564,1
0.0567484339671792,-0.757616443376889,1
0.305258568132281,-0.614075695591508,1
2.51972596667462,2.94396189369886,1
0.0736908480424482,-0.128510942412137,0
-0.125337818922375,-0.176317259588422,0
-0.162143959553594,0.207893477643343,1
-0.0403135453469754,0.0471154772109909,0
1.91038000761563,4.45079796513878,1
-0.0622827021996814,0.114224076609681,0
2.32428685114492,3.14267495350275,1
2.52807658162983,4.87128526380671,1
2.46461720812297,0.937044666465894,1
1.4151922140699,2.31084581155669,1
-0.0341953547637541,-0.0292953440632684,0
-0.0523276947803627,-0.0135642711221142,0
0.286222930081386,4.78514350892629,1
0.0456332990175976,-0.0213544890172625,0
-0.0339278424409091,0.0820970182918914,0
-0.0694366505608766,-0.0879126355407804,0
-0.31209524815319,-0.439515523104477,0
0.0779726425769484,-0.103058082385528,0
0.114880741635536,2.8507231731371,1
0.220182649442636,3.99694577340073,1
-0.115959997340784,0.927334132552694,1
-0.0101432204173492,0.147550986268255,0
1.07181483390564,0.120559146599841,1
-0.00858275815415076,0.0527609087193212,0
0.26955026978545,1.3145581305861,1
-0.0913593000001079,-0.103058082385528,0
2.54897251551381,1.38685853134416,1
2.37794973668623,1.97538560879878,1
0.0310728826159087,-2.83467604071896,1
0.0203170036647341,0.137860398279001,0
1.3748781770945,1.8378705827108,1
0.0505367139349954,0.42492713285848,1
2.27921075642603,0.70601219080399,1
0.0219085784854942,0.0482017282394481,0
0.258039318473826,3.9827625129563,1
-0.0405732406181614,0.0703651384942035,0
-0.0204536338003721,-0.0235075450353458,0
-0.0622654959827554,-0.0563030750465808,0
0.431827951639378,-0.742806912000702,1
0.092811709755516,0.0736908480424482,0
0.0203170036647341,0.0341233845487003,0
-0.0244164138737239,0.120107723587492,0
0.030854150622581,0.101930171211201,0
0.384271667785235,0.68954776436089,1
-0.0971243903167636,0.0703651384942035,0
0.0279190167967203,-0.138264539689645,0
-0.211519218651403,-0.150473231687983,0
0.101930171211201,0.147550986268255,0
-0.0177048930657199,-0.0482405610340899,0
-0.0365886784545753,0.0148014343803175,0
-0.165868135339852,-0.151595347814016,1
0.16529371759873,-1.05755188140355,1
0.152001167131046,0.80431842143468,1
0.172899079036081,0.792537726075305,1
1.18187154913848,1.19466076815358,1
1.42420449669406,1.91944106730226,1
0.108907302598991,0.127085249829274,0
-0.11657514027082,-0.0622654959827554,0
0.0203170036647341,0.133957221250888,0
1.74060544201001,1.65168768464725,1
0.16094880419116,0.0852309893206503,0
-0.100430897394187,-0.102023774960332,0
2.52494789003935,3.2784137230206,1
-0.0177048930657199,-0.147275803003066,0
-0.136228468605535,-0.335711228720832,0
-0.0970502285336047,-0.125337818922375,0
0.0122143892040558,0.273307743554292,1
2.52170931772181,1.62179130458309,1
-0.0232231533377587,-0.0820214620628628,0
-0.153966187524541,-0.1429856011244,0
2.42559629909684,4.72336961537293,1
0.245225035001607,0.536490263378912,1
-0.231919533515541,-0.295627253851052,0
1.58505923443888,3.96905455740904,1
0.0703651384942035,0.114224076609681,0
-0.00649975782705238,1.80127922739765,1
0.0803324651059092,-1.94337682355437,1
-0.00726396037236263,0.0318457828934623,0
-0.0851590453870264,-0.0622654959827554,0
1.00101879805347,0.646272469221758,1
2.35458412813814,1.5791655906091,1
-0.0159905446138252,-0.125891557322003,0
0.123088803311641,0.160189002482453,0
0.235072547548137,2.91016906361482,1
-0.0218164393654175,-0.00726396037236263,0
0.206050601824392,0.289056879447489,1
-0.111444037929672,2.92261364763723,1
-0.105769490477265,-2.43703948191672,1
0.16094880419116,0.167989079834421,0
-0.182380461861099,0.0433626333033437,1
-0.169464851942631,-0.0020292598060723,0
-0.0694366505608766,-0.0913593000001079,0
0.33414148186849,-0.306276864512021,1
0.037756268573551,-1.28409852305545,1
-0.049150284855175,0.0807835944131071,0
0.0487148896408128,-0.0110443980835122,0
-0.107407343300904,-0.0020292598060723,0
1.69834563656206,0.326398244936356,1
-0.148204694546507,-1.74431235670873,1
-0.169579393819272,2.45596960464533,1
-0.1429856011244,-0.102023774960332,0
-0.180780045261446,-0.491147642189185,1
0.0301451003722217,-0.138264539689645,0
-0.0622827021996814,0.0703651384942035,0
-0.0159905446138252,-0.138679619649929,0
-0.0241919839920844,-0.00726396037236263,0
0.134205201403009,0.16094880419116,0
2.49162904986677,1.29929070965245,1
0.329202813889179,2.19660216859724,1
1.47780400690046,1.88348002239054,1
-0.0232231533377587,-0.0300694088604869,0
0.0471154772109909,1.21891507072346,1
1.40589304764218,0.753863233926324,1
-0.0224224419269663,-0.0743566509041733,0
0.0041086451934339,-0.0101432204173492,0
0.0342152624305474,0.674983445171471,1
-0.0440215802316956,0.410525339836893,1
2.29307531258138,3.41387805343175,1
0.0807835944131071,0.0995720055040727,0
1.57139925058913,-1.76405205029956,1
0.241680443717517,-3.29289219680043,1
0.14812928576507,-1.38283549712311,1
0.106469156248958,0.877725148362794,1
0.332753223708185,-0.131304638844422,1
0.0456332990175976,-0.012312740928292,0
0.406406909975199,0.731459797831237,1
-0.0103791444887076,-0.31209524815319,0
0.105121371092016,0.00552727702519036,1
2.46019858175343,1.74563309341471,1
0.376284473720748,0.611747817753381,1
-0.00726396037236263,0.0577111190084924,0
0.0148014343803175,0.0274641515507724,0
-0.40503716807084,-0.439515523104477,0
0.282627280039098,-1.0910686881627,1
0.127874179308221,0.113789074350971,0
-0.147275803003066,-0.1429856011244,0
0.146206239706579,-1.08243518367083,1
-0.0879126355407804,0.000459911641232874,0
0.381280564822754,0.452459566866008,1
-0.0177048930657199,-0.144001668453319,0
0.0223289580240143,-1.14070512590712,1
0.108907302598991,0.114224076609681,0
-0.211519218651403,-0.275750507467692,0
0.0953824031924271,-0.325285425728626,1
-0.136228468605535,-0.469040266659427,0
1.85626979248245,4.32719330920993,1
-0.187588675735996,-0.023349854169833,1
2.02174169719652,2.01031271601227,1
0.213377158078635,1.91471295275988,1
0.0334553992815826,0.147550986268255,0
-0.0292953440632684,-0.0851590453870264,0
0.0041086451934339,0.0807835944131071,0
-0.0218164393654175,-0.0339068143119769,0
0.083388889631589,3.23858578063473,1
2.47249906625089,0.683618732761079,1
0.128085469636073,-0.446341954074181,1
0.16094880419116,0.0128331272065615,1
0.030854150622581,0.0807835944131071,0
0.413371859277113,1.09912188697814,1
0.0482017282394481,-0.0110443980835122,0
-0.0101432204173492,0.0807835944131071,0
0.171674072352856,0.351308315327873,1
-0.112355445992388,-0.0135642711221142,0
-0.0159905446138252,-0.100076741496838,0
-0.0101432204173492,-0.00625809226104632,0
-0.0204536338003721,-0.0799454703736757,0
0.223065109321147,0.28083421308575,1
-0.0274748247583666,-0.0743566509041733,0
-0.00550476720705707,-0.0403135453469754,0
0.401347370770479,-0.250336829497561,1
-0.0785143287376033,-0.31209524815319,0
-0.231919533515541,-0.439515523104477,0
0.212775484751511,-3.84264265827758,1
-0.0799454703736757,-0.0429857764076748,0
0.0820970182918914,2.58079330997898,1
0.185531911345645,-1.84079408741264,1
0.370985777324678,0.275381622668405,1
-0.00803212654334861,-0.103058082385528,0
0.120107723587492,0.143066265978238,0
1.52417769247094,0.591230048326407,1
0.216383703455348,-4.19647974877763,1
0.0736908480424482,-0.0913593000001079,0
0.0887699707593,0.417616028848862,1
1.44645782769312,2.01798592862496,1
-0.0114977236262592,-0.00242322606419544,0
2.57703434499049,1.87000153715759,1
-0.0622654959827554,-0.0980538914394958,0
-0.0836436632904125,-0.165515278421839,0
0.199684019918109,0.922837737591106,1
-0.103058082385528,-0.0879126355407804,0
2.53017741668099,3.3312355841399,1
-0.0622827021996814,0.0670067270968435,0
0.00938910457145881,0.0807835944131071,0
-0.0482405610340899,-0.100430897394187,0
0.0818623420331041,-1.83698808666958,1
-0.128510942412137,-0.0879126355407804,0
-0.397726714422467,-0.469040266659427,0
0.0278766783229998,-0.0799454703736757,0
-0.00550476720705707,0.0820970182918914,0
-0.169464851942631,0.0431302994075567,0
-0.397726714422467,-0.439515523104477,0
2.33509050892564,1.22327557616017,1
-0.0232231533377587,-0.0897535708051765,0
-0.0725178322491876,-0.0020292598060723,0
-0.005092857416826,-0.0224224419269663,0
0.135291300893374,0.642829464518116,1
0.194564005799834,-0.120709933579282,1
0.132450697843335,-1.3042335427086,1
-0.059855418060403,-0.123848554143977,0
0.0801706372476893,0.456471031256171,1
-0.31209524815319,-0.40503716807084,0
-0.103364031845589,-1.41949773923888,1
0.427644052634677,-1.93519668146675,1
0.833101003799855,1.02787252494546,1
1.46012301076406,3.05958260263421,1
-0.262009734011708,-0.150473231687983,0
-0.0341953547637541,-0.0980538914394958,0
0.232527044841385,-1.8378224531489,1
-0.214556477143446,-2.64813203311007,1
0.113789074350971,0.114224076609681,0
0.474400214403126,2.61700093296939,1
-0.0365886784545753,0.0767754276003882,0
0.180109537525968,-4.56016154220206,1
-0.0403135453469754,-0.0159598947958419,0
1.47632724748923,-1.15780759601499,1
2.17801739521899,-2.12999577285502,1
0.0111018874406854,-0.0339068143119769,0
0.167989079834421,-0.750840457109772,1
-0.0341953547637541,-0.0563030750465808,0
0.0791483701471593,0.838262203632715,1
-0.0882732380806292,-0.275750507467692,0
0.0820970182918914,-0.138264539689645,0
-0.31209524815319,-0.355813180848424,0
-0.00550476720705707,-0.29792618124673,1
1.71510499705056,4.12513649578093,1
-0.275750507467692,-0.3130162432022,0
2.52023439493142,1.38850106253258,1
-0.005092857416826,-0.0820214620628628,0
-0.0341953547637541,-0.0486153124694533,0
0.301729727764824,1.75012711695382,1
2.55643216054971,2.20747257577886,1
0.280466557659637,-0.962843284284799,1
0.219119681711393,-0.341955559455553,1
-0.20405338139461,2.76270272521536,1
-0.125337818922375,-0.15820287606269,0
0.0395783788112329,0.793693962914761,1
0.012472102087625,-0.00340250504133801,0
-0.0114977236262592,-0.0235075450353458,0
0.260879227969658,0.566469889293699,1
-0.0181275233914179,1.97861491685243,1
0.382663038949513,1.29529176955564,1
0.744985111770419,4.71057047343117,1
0.047369552314566,-0.0204536338003721,0
1.42153569034636,3.998783703354,1
-0.0114977236262592,-0.0799454703736757,0
2.58724114589541,4.47704070509371,1
-0.031361794094838,-0.0851590453870264,0
0.0279190167967203,0.0301451003722217,0
2.48631528939573,2.50539150353404,1
1.42294190138822,0.751683148918844,1
-0.0970502285336047,-0.125891557322003,0
0.109995497287747,-2.34487478783343,1
-0.193421565394943,-0.614083777454807,1
0.227290581860113,-0.218641453573699,1
0.080956081536354,-1.64070041013801,1
-0.0836436632904125,-0.211519218651403,0
0.214406769982899,-0.146266431196808,1
-0.0495139240882663,-0.275750507467692,0
0.304196201668104,0.50948925041327,1
0.161916987752719,-1.28855705650937,1
0.0791483701471593,0.123088803311641,0
-0.0180234382509472,-0.0851590453870264,0
2.59738688829998,0.739942334571157,1
-0.136697439066769,-1.55671801575689,1
-0.0393634141986783,-0.0235075450353458,0
0.134538776315357,3.03193142010947,1
0.0536374580421716,2.2383247396375,1
0.0658433270074113,0.143066265978238,0
0.450970471472468,0.441453745370586,1
-0.141482578715643,-0.100430897394187,0
0.0703651384942035,0.0989668199113253,0
0.105396131820526,-0.764049699613622,1
-0.0580835059598845,-0.0958960358141871,1
0.0757990577547581,0.254445471962807,1
0.0767754276003882,0.0527609087193212,0
0.137777286609522,0.123088803311641,0
0.012472102087625,-0.1429856011244,0
0.114224076609681,0.127085249829274,0
2.494344858053,4.41128615755124,1
2.4992935230182,3.37419567300923,1
-0.0879642827352916,-0.960554248653958,1
0.092811709755516,-0.103058082385528,0
0.0779726425769484,0.0736908480424482,0
-0.0101432204173492,0.0334553992815826,0
-0.005092857416826,-0.0274748247583666,0
1.68422733943588,1.04554843158298,1
-0.132465506910217,-0.125337818922375,0
0.120107723587492,0.0431302994075567,0
2.03135462027599,3.13111816273202,1
2.50640129363264,2.41654589997615,1
0.46193600081381,-1.36197206425087,1
-0.0241919839920844,-0.0218164393654175,0
-0.0970502285336047,-0.0853905615921666,0
2.36935599416495,2.26850209804717,1
2.27907586616365,4.96048085593233,1
0.210318514813496,1.03517533121898,1
-0.0716944506616931,-1.85179146316427,1
-0.0355551930850724,-0.0799454703736757,0
-0.0403135453469754,0.0223289580240143,0
0.111366269685789,1.8082873950118,1
0.347860463311903,3.46965387231644,1
-0.0274748247583666,-0.0897535708051765,0
0.274482949771397,0.742900775323252,1
-0.169464851942631,-0.107407343300904,0
1.8063035048799,1.96295481968018,1
0.0341233845487003,0.167989079834421,0
-0.123848554143977,-0.0622654959827554,0
-0.0101432204173492,0.136840333260936,0
0.205504579536417,-0.552985427860299,1
-0.0355551930850724,-0.0429857764076748,0
-0.0213544890172625,0.0318457828934623,0
2.50411839842202,1.48964518282608,1
2.23091680664106,2.5894523075988,1
-0.0505484625268847,0.00881402360268531,0
-0.0725178322491876,0.0658433270074113,0
1.80942152267522,1.36668235638173,1
2.28352511040173,1.238497946454,1
-0.168434875996971,-0.987335972953146,1
0.0301451003722217,-0.0148039342759156,0
0.036198074287208,1.21315788695061,1
0.0736908480424482,-0.127382450728989,0
0.0599240781329765,3.01043932143387,1
2.51093335973313,4.0558312572896,1
0.015913216690651,0.0203170036647341,0
-0.0139050533653258,-0.0232231533377587,0
-0.163507730901129,3.63146983819365,1
-0.0235075450353458,-0.0799454703736757,0
2.5365386667542,3.13104316476615,1
-0.355813180848424,-0.397726714422467,0
0.0456332990175976,0.0279017020467537,0
0.021427169364475,0.0318457828934623,0
0.0301451003722217,-1.07268223363816,1
2.26979308790612,3.29454335797288,1
-0.0159905446138252,-0.0970502285336047,0
-0.133485699586458,-0.176317259588422,0
-0.104494162052721,-4.03486009531199,1
0.186396749362447,2.00854691178511,1
2.47925465628799,0.391980297969067,1
-0.031361794094838,-0.0341953547637541,0
-0.0339068143119769,0.0577111190084924,0
-0.0355551930850724,-0.0997722770663385,0
2.31562875000313,1.34618698074206,1
0.229053735726655,1.41760739104221,1
0.123088803311641,0.133957221250888,0
-0.0478107008607671,-0.0980538914394958,0
-0.0114977236262592,-0.0118511177415522,0
-0.0241919839920844,0.0318457828934623,0
0.217293245356376,0.608983407007954,1
1.3838505469612,-0.131049918839378,1
-0.255101977081195,-0.312219019364405,1
0.0341233845487003,0.123088803311641,0
1.45303010244327,-0.894562750374097,1
0.167989079834421,0.0852309893206503,0
-0.0204536338003721,-0.0393634141986783,0
0.0804381797574279,2.79870244891697,1
0.0293036166474611,1.03573762601752,1
-0.0500570822922019,0.26970127633747,1
0.203971141940002,-1.04630510302159,1
-0.0730273410576593,-1.20167367203827,1
1.50455412281227,-0.75633572953698,1
0.0334553992815826,0.030854150622581,0
-0.123848554143977,-0.0980538914394958,0
-0.0971243903167636,-0.0622827021996814,0
0.134205201403009,0.160189002482453,0
1.47333993449259,0.704549073623283,1
2.32879269147642,3.0521471982938,1
0.0736908480424482,-0.103058082385528,0
-0.0312990215153939,0.610714846328496,1
0.0885318969321398,1.02541021609856,1
-0.216760273776114,-0.397726714422467,0
-0.153861499511407,-2.9875233696158,1
-0.012312740928292,0.0577111190084924,0
-0.0256537491243537,-0.868862556478601,1
-0.0565946771107094,-0.0204536338003721,0
0.379020987165651,0.577787834525509,1
-0.335711228720832,-0.397726714422467,0
2.34188703561001,5.09867587205615,1
-0.0836436632904125,-0.275750507467692,0
0.244202950168699,0.258797800404768,1
-0.0948569805915411,2.41047303992807,1
-0.00242322606419544,-0.0118511177415522,0
0.0025038032943207,-0.0177048930657199,0
2.42287204041695,1.53173236833475,1
0.139975773109901,0.221649308608828,1
0.363430056066236,1.04360647874376,1
0.0261856008330915,-0.574284138871594,1
2.49523722100651,5.1402349856779,1
0.100857450357568,0.134401514807622,0
0.336001652528005,-0.760853688030406,1
0.252774857390907,1.1912086449207,1
-0.0913593000001079,0.000459911641232874,0
-0.0451966597096425,-0.0274748247583666,0
0.133957221250888,0.334067746488837,1
-0.136228468605535,-0.216760273776114,0
-0.0232231533377587,-0.00767339221163277,0
0.0487148896408128,0.0482017282394481,0
0.0658433270074113,0.120107723587492,0
0.242180433386771,-5.54845400732803,1
0.228452156066552,0.14002713345647,1
2.54715559739865,0.974375789168204,1
-0.231919533515541,-0.397726714422467,0
0.0867859474183315,-1.82409252494333,1
-0.0785143287376033,-0.136228468605535,0
0.0148014343803175,0.0487148896408128,0
-0.0622827021996814,-0.0143035547972558,0
-0.0537633559604331,-0.125337818922375,0
-0.182313123242751,-0.397726714422467,0
-0.0140052318265361,0.212672347335008,1
-0.0101432204173492,0.00938910457145881,0
1.84738309274781,1.71547881317099,1
0.396531473894291,2.20936838160641,1
-0.0177048930657199,0.00755162129829077,0
-0.0872371178906276,0.227987257957129,1
1.49403228170337,0.506687043516256,1
0.0808826038638212,-0.395967566101461,1
0.0947836565666073,-3.97461510309863,1
0.0279190167967203,0.4101190876415,1
0.120107723587492,-0.0020292598060723,0
-0.186999918869708,-0.262009734011708,0
0.106978636959327,-0.187915679892869,0
0.513212016932972,1.50824198044289,1
0.167989079834421,0.137860398279001,0
2.42434449977041,5.25055946348199,1
-0.125891557322003,-0.15820287606269,0
-0.0622827021996814,0.141278125784572,0
0.0482017282394481,0.0565725493664447,0
1.02697940971724,2.21951813650172,1
1.42635317626222,0.842834426364861,1
0.0456332990175976,0.0577111190084924,0
1.60262033215912,-0.388114140192952,1
0.418004460473852,3.15656831535035,1
0.335406157923959,-0.395327314260007,1
-0.0339068143119769,0.0318457828934623,0
0.00875275338543986,-0.0232231533377587,0
-0.0159905446138252,-0.133485699586458,0
-0.0232231533377587,-0.005092857416826,0
0.114542133038535,1.14457890391385,1
-0.0341953547637541,-0.177149801789273,0
1.488310844771,-1.62163831435365,1
0.0527609087193212,0.0274641515507724,0
0.345076639222495,-0.975174916367527,1
2.50879072041811,1.37230774537621,1
-0.169464851942631,-0.0815756276965248,0
2.27944416302852,2.7363391560631,1
0.021427169364475,-0.0339068143119769,0
1.41417911293728,3.40671261406031,1
-0.0643600468497205,1.81917494260601,1
-0.0355551930850724,-0.00242322606419544,0
-0.0997722770663385,-0.0235075450353458,0
0.167989079834421,0.160189002482453,0
0.0997485049944079,0.00881402360268531,0
2.09324341019733,1.96249857231298,1
0.206373171029454,-0.131875387209595,1
-0.0401106904202139,0.0301451003722217,0
-0.0537633559604331,-0.133485699586458,0
-0.0936825389790769,0.629697295672924,1
0.170091347629542,-0.273148469555751,1
0.175448572335356,-1.33694939727579,1
0.0989668199113253,0.108907302598991,0
-0.0486153124694533,-0.059855418060403,0
-0.00767339221163277,-0.0451966597096425,0
2.54376339977867,3.61054893375065,1
0.372811062671761,-2.57762836525067,1
-0.169464851942631,-0.0505484625268847,0
0.0736908480424482,-0.0694366505608766,0
0.436833198100851,2.34879518815499,1
-0.0170306956803234,-0.0482405610340899,0
-0.0177048930657199,-0.00340250504133801,0
0.0736908480424482,0.000459911641232874,0
0.210651534009549,2.41939974925409,1
0.0658433270074113,-0.0362192989384949,0
-0.0836436632904125,-0.299414212668262,0
-0.0997334186873691,1.6938301660274,1
0.338922600333371,1.90221374976508,1
1.40914433426238,1.73563754206788,1
0.173665495472934,0.499349882226819,1
-0.100076741496838,-0.176317259588422,0
-0.0642889226880028,-0.0799454703736757,0
0.188263305639113,-0.545427993053089,1
0.190132559219019,-0.94767351150296,1
-0.382188003669881,-0.439515523104477,0
-0.216760273776114,-0.31209524815319,0
-0.0180234382509472,-0.0341953547637541,0
0.0889785151678411,0.911874087993,1
0.722714964414501,-3.05967277946282,1
0.0318457828934623,0.0577111190084924,0
0.106978636959327,0.0820970182918914,0
0.106978636959327,0.0267063667352834,0
0.012472102087625,-0.141482578715643,0
-0.31209524815319,-0.397726714422467,0
0.00881402360268531,-0.0362192989384949,0
0.200325885842618,-0.854712492632193,1
1.80143233522982,2.82354415758922,1
-0.124215554451591,1.74830054173301,1
2.56025799613472,3.44206902289766,1
0.339521972440945,1.72671048650183,1
-0.00242322606419544,-0.0429857764076748,0
0.268865397926685,-0.517735566760482,1
-0.157292089503082,0.0391126678834247,1
0.123088803311641,-2.31472388272728,1
0.0242005768618899,-1.11596586427086,1
0.167475193019072,-1.40888166101754,1
0.208360758160917,1.86750210781653,1
0.203414469476155,2.64715477898082,1
0.0274641515507724,0.0239615749707717,0
0.0675513204041403,0.113789074350971,0
2.48451800784244,3.56932934560326,1
0.351294995467669,-2.54755593208202,1
-0.00340250504133801,-0.0482405610340899,0
-0.262009734011708,-0.331289532180643,0
-0.182313123242751,-0.439515523104477,0
0.0697373566885657,-1.62053220394263,1
-0.116991010817459,-1.79728566054583,1
0.120107723587492,0.00881402360268531,0
-0.1429856011244,-0.100430897394187,0
2.32233173354794,1.45339805887575,1
0.0318457828934623,0.0279017020467537,0
1.74403786598137,2.68399704894821,1
0.153690141331162,-1.1727285800766,1
-0.0424220508823565,1.89415547821529,1
-0.0355551930850724,-0.0114977236262592,0
-0.0836436632904125,-0.331289532180643,0
-0.144001668453319,-0.100430897394187,0
1.83855450403937,3.47929374520681,1
2.53850090655535,1.88358013594165,1
0.141278125784572,0.114224076609681,0
0.0456332990175976,-0.0218164393654175,0
-0.118962044350812,-1.59185087424631,1
-0.0694366505608766,-0.0135642711221142,0
-0.295627253851052,-0.40503716807084,0
0.0731332001197406,-0.978840098658787,1
0.0267063667352834,-0.138264539689645,0
0.143066265978238,-0.0020292598060723,0
0.0341233845487003,5.13200326368828,1
-0.005092857416826,-0.0683796981123726,0
0.0503595824364503,0.0577111190084924,0
-0.299414212668262,-0.262009734011708,0
0.00938910457145881,0.100857450357568,0
0.047369552314566,-0.0355551930850724,0
0.221831339680972,-0.290482967155716,1
-0.0101432204173492,0.030854150622581,0
0.00881402360268531,-0.107407343300904,0
0.166099030444109,-0.42814347790958,1
-0.0143035547972558,0.108907302598991,0
-0.0403135453469754,-0.0401106904202139,0
0.0471154772109909,-0.138264539689645,0
0.228363546788615,0.312995938018393,1
-0.0486153124694533,-0.123848554143977,0
0.0675513204041403,0.108907302598991,0
-0.0851590453870264,-0.177149801789273,0
0.0942838168477571,-0.467488888462147,1
0.140195749425171,0.201542380418879,1
0.0148014343803175,-0.0110443980835122,0
0.144334491984244,-1.10480250519765,1
2.52111102899676,1.83830100841104,1
2.58927521713796,4.59186088623499,1
0.0820970182918914,0.0223289580240143,0
0.036198074287208,0.167989079834421,0
0.0807835944131071,0.100857450357568,0
0.0456332990175976,-0.0241919839920844,0
0.268382459965908,1.21100642395511,1
0.0891489646506382,-0.796320149118076,1
0.273375206689879,0.986612407509278,1
2.17796677296739,1.93568023590674,1
-0.439515523104477,-0.469040266659427,0
0.0323938258216998,-0.74130870268194,1
0.0318457828934623,0.0503595824364503,0
-0.0365886784545753,-0.00858275815415076,0
0.143066265978238,0.00881402360268531,0
-0.275750507467692,-0.299414212668262,0
-0.0401106904202139,1.48749068128725,1
-0.138679619649929,-0.125337818922375,0
-0.0322719714192012,-0.920571867772436,1
2.5293700202771,1.93095046907562,1
-0.0341953547637541,-0.0296793770163795,0
0.230999321751506,0.290749409820624,1
0.984886112499643,0.0904161406553543,1
0.127874179308221,0.127085249829274,0
0.036198074287208,0.0203170036647341,0
-0.101824404264374,0.120107723587492,0
0.012472102087625,-0.100430897394187,0
-0.125891557322003,-0.133485699586458,0
-0.262009734011708,-0.165515278421839,0
0.467844462360111,2.81108662748019,1
-0.0170306956803234,-0.0177048930657199,0
0.594318103485037,2.9141431814705,1
2.45212504501645,5.73690982978238,1
0.32707566443016,-0.152850436372463,1
-0.275750507467692,-0.262009734011708,0
-0.0365886784545753,0.0239615749707717,0
-0.0177048930657199,-0.0588292180973553,0
-0.0820214620628628,-0.0743566509041733,0
-0.125337818922375,-0.153792288279072,0
0.258698364813153,2.21929088429748,1
-0.103058082385528,-0.0135642711221142,0
2.50514376155015,4.86244044090401,1
0.0278766783229998,-0.0235075450353458,0
-0.0101432204173492,0.0735262760774714,0
-0.112355445992388,-0.0879126355407804,0
0.439584723316501,0.84916821027898,1
0.415879961670248,0.808621280553587,1
-0.00242322606419544,-0.0204536338003721,0
1.46938499382691,3.4296565186716,1
-0.295627253851052,-0.469040266659427,0
-0.397726714422467,-0.382188003669881,0
-0.0836436632904125,-0.183282716169668,0
-0.0101432204173492,0.134401514807622,0
1.51689439345526,1.46403663891262,1
2.495263309134,3.15090237887804,1
1.42786679785635,0.522056959504857,1
0.0730063728660326,-0.89314019251044,1
0.347496267544786,1.81662137783836,1
-0.3130162432022,-0.262009734011708,0
-0.101824404264374,-0.169464851942631,0
0.358875540796847,1.06157802915358,1
0.0203170036647341,0.160189002482453,0
-0.0897535708051765,-0.0820214620628628,0
-0.059855418060403,-0.0851590453870264,0
0.0835153170327243,0.700609036194747,1
0.0596077005106211,-0.0355551930850724,0
0.0148014343803175,0.0527609087193212,0
-0.0143035547972558,0.114224076609681,0
0.250626564310429,-1.02924399796998,1
0.485613399627467,1.67593386790406,1
0.0267063667352834,0.0301451003722217,0
2.3290286733252,4.12622315831426,1
0.259183012333133,0.284590792603183,1
0.0186713637902065,0.710508921102836,1
0.0665307367642473,0.185719298482606,1
2.38616144409714,2.859356212556,1
0.00755162129829077,-0.100430897394187,0
0.234335082557134,1.18679776160893,1
2.51195315465896,3.51908967276218,1
-0.0393242342005104,-0.0135642711221142,0
-0.103058082385528,-0.112355445992388,0
0.136840333260936,0.147550986268255,0
-0.0851590453870264,-0.123848554143977,0
0.0948128390848457,0.160785774628269,1
0.376548254137674,0.447681543109318,1
-0.0159905446138252,-0.0537633559604331,0
2.24240571703231,3.56394343990919,1
-0.0482405610340899,-0.1429856011244,0
-0.0204536338003721,-0.0118511177415522,0
-0.0403135453469754,-0.0148039342759156,0
-0.186999918869708,-0.211519218651403,0
0.100857450357568,0.147550986268255,0
0.0315641135229925,-0.778668714901973,1
-0.0622827021996814,-0.00623095995998655,0
-0.0339278424409091,-0.442888038495768,1
-0.103058082385528,-0.128510942412137,0
0.0735262760774714,0.100857450357568,0
-0.18205877365907,-0.560214840058464,1
0.0596077005106211,-0.0204536338003721,0
-0.0683796981123726,-0.0274748247583666,0
-0.133485699586458,-0.125337818922375,0
2.00859645088888,2.7371381591642,1
-0.331289532180643,-0.165515278421839,0
-0.00623095995998655,0.108907302598991,0
0.137860398279001,-2.47439852443854,1
0.415584447453689,-2.38674209847451,1
-0.177149801789273,-0.0622654959827554,0
2.33658600882668,2.21006158513021,1
2.4758960604674,2.54235485583542,1
-0.0215156696956106,-0.0820214620628628,0
0.0742727712909558,0.0300083276525648,1
0.0203170036647341,0.167989079834421,0
0.194483033704301,-0.0507580254082342,1
2.58091595357158,2.50200523566969,1
0.0248484382727269,-0.0159905446138252,0
-0.0622827021996814,0.0675513204041403,0
1.77513741452751,0.280731930075529,1
0.0791483701471593,0.160189002482453,0
-0.136228468605535,-0.231919533515541,0
-0.0853905615921666,-0.125337818922375,0
0.180573088052418,1.99628277222782,1
-0.0815756276965248,0.00881402360268531,0
0.0703651384942035,0.108907302598991,0
0.0203170036647341,0.16094880419116,0
1.49704008289484,0.743128364763821,1
-0.136228468605535,-0.182313123242751,0
2.28995062059861,2.42435128603267,1
0.108907302598991,0.141278125784572,0
-0.0232231533377587,0.0218416903822378,0
1.65868478643756,0.997055711817996,1
0.284409795000201,-0.195871447253713,1
-0.0355551930850724,-0.0642889226880028,0
-0.0339068143119769,-0.00726396037236263,0
3.52012265264878E-05,-0.0339068143119769,0
0.0736908480424482,-0.00803212654334861,0
-0.00767339221163277,-0.0820214620628628,0
0.366238979595296,2.45391841054367,1
1.79232492281081,0.340526504136182,1
1.98884307692393,5.76718120615472,1
0.0637882977479929,0.696085773314536,1
0.133957221250888,0.160189002482453,0
-0.341168122158204,-0.262009734011708,0
2.57336761912608,1.29891799115206,1
1.51747142463927,4.03402234127419,1
0.134205201403009,0.161830651705939,1
-0.0355551930850724,-0.0565946771107094,0
-0.176317259588422,-0.15820287606269,0
0.0527609087193212,0.0239615749707717,0
-0.00803212654334861,-0.0879126355407804,0
1.44734195987734,-1.22809471012381,1
0.246625289008573,3.01499314349584,1
-0.0139050533653258,-0.00767339221163277,0
-0.138198587516781,-0.688454422494549,1
-0.127382450728989,-0.0879126355407804,0
-0.0403135453469754,0.0279190167967203,0
-0.133485699586458,-0.132465506910217,0
-0.0103791444887076,-0.136228468605535,0
0.223600366650392,-1.82529667678326,1
-0.0341953547637541,-0.059855418060403,0
-0.0269050863175465,-0.0159905446138252,0
-0.0159598947958419,0.0301451003722217,0
-0.148702481375332,-0.712802892473346,1
0.136544706099712,0.499338624042585,1
-0.169464851942631,0.120107723587492,0
-0.00858275815415076,0.0274641515507724,0
0.197895518551927,1.62424537520967,1
0.193761597266159,-1.77719072444518,1
-0.108992381412773,-0.0383315986719745,1
0.227450524987832,1.74854098849663,1
0.277182652728661,2.10641340355518,1
-0.0355551930850724,0.0278766783229998,0
-0.0365886784545753,0.0548976618990162,0
-0.0683796981123726,-0.0820214620628628,0
-0.141482578715643,-0.1429856011244,0
2.52196295684079,5.93554275440804,1
-0.0365886784545753,0.0565725493664447,0
-0.186999918869708,-0.165515278421839,0
-0.0665500403436943,1.79245802354137,1
0.0223289580240143,0.0301451003722217,0
0.291499036985112,0.22382402661108,1
-0.0159905446138252,-0.153792288279072,0
-0.0725178322491876,0.143066265978238,0
-0.0486153124694533,-0.0980538914394958,0
0.0618171682032972,-0.176255956925185,1
2.16023940859403,0.962756182876114,1
-0.102653594963011,-0.275750507467692,0
0.0471154772109909,0.0301451003722217,0
2.26301563846708,3.80037751706605,1
0.0203170036647341,0.212775484751511,0
0.113789074350971,0.108907302598991,0
0.0431302994075567,0.00881402360268531,0
0.0456332990175976,0.021427169364475,0
3.52012265264878E-05,0.0456332990175976,0
0.0820970182918914,0.0267063667352834,0
-0.0101432204173492,0.0995720055040727,0
-0.169464851942631,0.0658433270074113,0
0.00809515943890166,0.525269643032438,1
-0.0565946771107094,-0.0235075450353458,0
2.11116124770202,4.56780688898718,1
0.0203170036647341,-3.12102122326684,1
-0.211519218651403,-0.3130162432022,0
-0.0836436632904125,-0.150473231687983,0
0.0774452576731583,-0.421021547001476,1
0.429294349504101,0.686773893078778,1
0.0852309893206503,0.160189002482453,0
-0.00112823182089383,-1.25530323097595,1
-0.0118407303025053,0.0318457828934623,0
0.208000641678462,1.63631324348305,1
1.7932767078037,2.52543875172279,1
0.444222818017091,-0.302013268963628,1
2.55085547245431,2.13339832069824,1
2.13106335525801,-0.563085871396908,1
-0.0269050863175465,-0.133485699586458,0
0.0736908480424482,-0.0523276947803627,0
0.170910297013402,0.185045051699914,1
0.0807039569681577,1.99690852514596,1
-0.187915679892869,2.49496650837581,1
-0.3130162432022,-0.165515278421839,0
2.5808979631157,4.43740821983785,1
1.83798409407828,1.11634406163222,1
0.0591561929328004,-2.16627027694569,1
-0.0365886784545753,0.0274641515507724,0
0.0585518115521701,0.0495568769946371,1
-0.00623095995998655,0.0703651384942035,0
-0.0725178322491876,0.00881402360268531,0
1.41941034461338,2.2029176925506,1
-0.0836436632904125,-0.341168122158204,0
0.473072866551745,-0.913539552771335,1
0.0670067270968435,0.108907302598991,0
2.48474089237684,5.29589596141564,1
-0.00625809226104632,0.100857450357568,0
0.366191250966922,1.80023596197907,1
0.0807835944131071,0.147550986268255,0
0.0811880018945252,1.79429316297581,1
0.145742073065401,1.24266951982514,1
-0.0355551930850724,-0.0393634141986783,0
2.30967790956456,0.673367535760747,1
0.0456332990175976,-0.0339068143119769,0
0.229838272630672,1.16422370815151,1
0.137860398279001,0.123088803311641,0
0.0995720055040727,0.100857450357568,0
0.0229257018627951,-1.0432562223394,1
-0.134572818167731,1.26788612642251,1
-0.0177048930657199,-0.102023774960332,0
0.137777286609522,2.47795938799258,1
0.0577111190084924,0.0279017020467537,0
-0.199205245346552,-0.289991514235367,1
-0.0241919839920844,0.0577111190084924,0
0.229687008141991,-3.38936474913718,1
-0.0622827021996814,0.127085249829274,0
0.172339671859437,-1.66504281111263,1
-0.138264539689645,0.470984568132258,1
1.59968108870028,-1.56677611660843,1
-0.0339278424409091,-0.0403135453469754,0
2.04236335112148,-0.0827388946900891,1
0.130182115467038,-2.08371581850968,1
0.0471154772109909,0.106978636959327,0
-0.133361363739401,-1.32532931321891,1
0.0203170036647341,0.0791483701471593,0
-0.0296793770163795,-0.0980538914394958,0
0.322018262355739,1.34935165315057,1
-0.0148039342759156,-0.138264539689645,0
-0.0622827021996814,0.127874179308221,0
-0.0339068143119769,-0.0213544890172625,0
0.167887687115078,-0.831098391162272,1
0.0820970182918914,0.0301451003722217,0
-0.0355551930850724,-0.0204536338003721,0
0.0852309893206503,-0.266676092622731,1
-0.0879126355407804,-0.0135642711221142,0
2.50244254014523,1.60564014565789,1
0.134205201403009,0.0852309893206503,0
0.0456332990175976,0.0503595824364503,0
0.294604438318951,2.92346422127682,1
-0.15718746778401,-0.0593192794085204,1
2.56328996875103,-0.872487077302592,1
0.31079951601407,2.04184470374872,1
-0.0482405610340899,-0.153966187524541,0
1.934805452866,3.91187828408618,1
-0.0588292180973553,-0.1429856011244,0
1.43327716660541,-1.24961715204189,1
-0.0232231533377587,-0.0743566509041733,0
0.34549498564704,1.00114898075328,1
0.134205201403009,0.123088803311641,0
0.0548976618990162,0.0274641515507724,0
-0.154032722151018,0.636006344868101,1
1.48286607161429,2.42184336273875,1
2.48284376508082,-0.668449587357945,1
0.321366423091262,1.12792178171505,1
-0.0118511177415522,-0.0235075450353458,0
0.0301451003722217,-0.187915679892869,0
0.147550986268255,0.134401514807622,0
0.0334553992815826,0.101930171211201,0
0.160189002482453,0.212775484751511,0
